{
    "Test1111": {
        "Test": 45,
        "Vector3": [
            2.0,
            4.400000095367432,
            3.8459999561309814
        ],
        "float": 32.8120002746582,
        "int": 51
    }
}
